transaction_id,user_id,score,risk_level,decision,triggered_rules,model_score,rule_score,processing_time_ms
c00a4b3c-0eb_night,user_0150,0.5886,HIGH,REVIEW,AMOUNT_SPIKE_5X|AMOUNT_SPIKE_10X|NIGHT_TRANSACTION|ONLINE_LARGE_AMOUNT,0.4143,0.85,0.184
ea90b65a-548,user_0104,0.0384,LOW,APPROVE,,0.064,0,0.053
3603b1f0-d6b,user_0136,0.0406,LOW,APPROVE,,0.0676,0,0.029
89fbf7fe-096,user_0052,0.0384,LOW,APPROVE,,0.064,0,0.022
2a28ea59-74a,user_0039,0.0401,LOW,APPROVE,,0.0668,0,0.024
38aa6377-0bb,user_0184,0.0384,LOW,APPROVE,,0.064,0,0.021
d0553783-a29,user_0109,0.0384,LOW,APPROVE,,0.064,0,0.013
1e29ca84-b6c,user_0051,0.0384,LOW,APPROVE,,0.064,0,0.011
82b376f6-6ec,user_0192,0.0384,LOW,APPROVE,,0.064,0,0.012
9c1b81e5-125,user_0006,0.0384,LOW,APPROVE,,0.064,0,0.011
10d1d444-79e,user_0159,0.04,LOW,APPROVE,,0.0667,0,0.012
f520708a-0b8,user_0015,0.0384,LOW,APPROVE,,0.064,0,0.014
53b803b1-cc5,user_0015,0.0404,LOW,APPROVE,,0.0674,0,0.031
fda027d0-702,user_0156,0.0384,LOW,APPROVE,,0.064,0,0.017
c483c2ee-c5f,user_0038,0.0384,LOW,APPROVE,,0.064,0,0.013
a04f297e-6ae,user_0066,0.0384,LOW,APPROVE,,0.064,0,0.017
1e60fbdd-874,user_0013,0.0403,LOW,APPROVE,,0.0671,0,0.014
8bf351ca-a51,user_0099,0.0384,LOW,APPROVE,,0.064,0,0.015
fdee90de-59b,user_0198,0.0384,LOW,APPROVE,,0.064,0,0.012
f2082abd-204,user_0028,0.0384,LOW,APPROVE,,0.064,0,0.011
4ffa1688-b07,user_0099,0.039,LOW,APPROVE,,0.065,0,0.02
54c98304-705,user_0108,0.0384,LOW,APPROVE,,0.064,0,0.017
7bd0d16e-98a,user_0033,0.0384,LOW,APPROVE,,0.064,0,0.016
88463239-4d8,user_0041,0.0384,LOW,APPROVE,,0.064,0,0.018
49da40d9-b36,user_0098,0.0384,LOW,APPROVE,,0.064,0,0.013
23d0a9a0-05d,user_0178,0.0384,LOW,APPROVE,,0.064,0,0.011
ec1d82d6-a90,user_0191,0.0384,LOW,APPROVE,,0.064,0,0.013
6352d68f-0eb,user_0001,0.0384,LOW,APPROVE,,0.064,0,0.012
2b5ae888-cf9,user_0131,0.0384,LOW,APPROVE,,0.064,0,0.01
09310254-55b,user_0120,0.0384,LOW,APPROVE,,0.064,0,0.01
ca9817e1-635,user_0079,0.0384,LOW,APPROVE,,0.064,0,0.01
ed280637-5e6,user_0095,0.0384,LOW,APPROVE,,0.064,0,0.01
32d804ae-425,user_0102,0.0384,LOW,APPROVE,,0.064,0,0.01
2232e2e4-117,user_0034,0.0384,LOW,APPROVE,,0.064,0,0.016
ad670a1c-02e,user_0093,0.0384,LOW,APPROVE,,0.064,0,0.013
409dc062-f96,user_0048,0.0384,LOW,APPROVE,,0.064,0,0.011
adac7d36-519,user_0137,0.0384,LOW,APPROVE,,0.064,0,0.01
45de7aa8-2d9,user_0127,0.0395,LOW,APPROVE,,0.0658,0,0.012
38211ca9-b96,user_0150,0.342,MEDIUM,REVIEW,COUNTRY_MISMATCH|UNUSUAL_CATEGORY,0.3367,0.35,0.031
17a77fc3-58f,user_0102,0.0514,LOW,APPROVE,,0.0856,0,0.02
0a5135ce-0ce,user_0015,0.0559,LOW,APPROVE,,0.0932,0,0.014
26f53ae3-e76,user_0125,0.0384,LOW,APPROVE,,0.064,0,0.013
34468e97-77c,user_0045,0.0384,LOW,APPROVE,,0.064,0,0.015
7d2001fb-98a,user_0191,0.132,LOW,APPROVE,UNUSUAL_CATEGORY,0.1534,0.1,0.019
0cd14003-069,user_0166,0.0384,LOW,APPROVE,,0.064,0,0.011
8a32caee-e3e,user_0158,0.0384,LOW,APPROVE,,0.064,0,0.012
55e82bb9-976,user_0112,0.0384,LOW,APPROVE,,0.064,0,0.01
97679410-314,user_0165,0.0384,LOW,APPROVE,,0.064,0,0.012
8fdb132c-697,user_0061,0.0384,LOW,APPROVE,,0.064,0,0.014
bc25c401-bc7,user_0042,0.0389,LOW,APPROVE,,0.0648,0,0.013
d41c3d68-f94,user_0102,0.2571,LOW,APPROVE,COUNTRY_MISMATCH,0.2619,0.25,0.019
d92ad5bd-e80,user_0143,0.0384,LOW,APPROVE,,0.064,0,0.016
c7a70e9d-35c,user_0175,0.0384,LOW,APPROVE,,0.064,0,0.019
2a6d25a2-3e8,user_0097,0.0384,LOW,APPROVE,,0.064,0,0.011
3a1ae2c8-9ff,user_0190,0.0384,LOW,APPROVE,,0.064,0,0.01
fbd0ea45-97e,user_0045,0.0259,LOW,APPROVE,,0.0432,0,0.012
8728fefe-055,user_0025,0.0384,LOW,APPROVE,,0.064,0,0.011
2c07633a-2dd,user_0034,0.2568,LOW,APPROVE,COUNTRY_MISMATCH,0.2614,0.25,0.015
3af4d48b-0cb,user_0039,0.0363,LOW,APPROVE,,0.0605,0,0.012
0622538e-869,user_0019,0.0384,LOW,APPROVE,,0.064,0,0.014
3360a17f-b89,user_0129,0.0384,LOW,APPROVE,,0.064,0,0.011
88ca5bae-39d,user_0112,0.0416,LOW,APPROVE,,0.0693,0,0.011
ae2bf15e-0f1,user_0176,0.0384,LOW,APPROVE,,0.064,0,0.01
388d5d8c-8c7,user_0140,0.0384,LOW,APPROVE,,0.064,0,0.011
f846ae59-91c,user_0019,0.0416,LOW,APPROVE,,0.0693,0,0.011
843c5e52-d39,user_0049,0.0424,LOW,APPROVE,,0.0706,0,0.015
658866e7-5d1,user_0170,0.0384,LOW,APPROVE,,0.064,0,0.017
052297f0-ff7,user_0003,0.0384,LOW,APPROVE,,0.064,0,0.014
229cac60-844,user_0136,0.0353,LOW,APPROVE,,0.0588,0,0.017
ba1bd696-521,user_0091,0.0384,LOW,APPROVE,,0.064,0,0.015
1cd6019d-2a8,user_0063,0.0384,LOW,APPROVE,,0.064,0,0.011
3341e921-ba5,user_0055,0.0384,LOW,APPROVE,,0.064,0,0.01
403c090f-5e9,user_0021,0.0384,LOW,APPROVE,,0.064,0,0.01
d49e5da7-f22,user_0097,0.04,LOW,APPROVE,,0.0666,0,0.011
ff551de1-0f8,user_0136,0.2538,LOW,APPROVE,COUNTRY_MISMATCH,0.2563,0.25,0.014
d2684fd7-70a,user_0027,0.0384,LOW,APPROVE,,0.064,0,0.019
408d7e26-48e,user_0005,0.0384,LOW,APPROVE,,0.064,0,0.018
f540aef6-d11,user_0189,0.041,LOW,APPROVE,,0.0683,0,0.014
0425ddea-5be,user_0131,0.3582,MEDIUM,REVIEW,COUNTRY_MISMATCH|UNUSUAL_CATEGORY,0.3636,0.35,0.014
803353a7-55c,user_0199,0.0384,LOW,APPROVE,,0.064,0,0.031
fcf05a8b-fd7,user_0022,0.0384,LOW,APPROVE,,0.064,0,0.014
d3ed59b0-9c7,user_0105,0.0384,LOW,APPROVE,,0.064,0,0.011
be85c262-94c,user_0056,0.0384,LOW,APPROVE,,0.064,0,0.014
626a87fb-f40,user_0074,0.0384,LOW,APPROVE,,0.064,0,0.02
52bcff8c-135,user_0048,0.3588,MEDIUM,REVIEW,COUNTRY_MISMATCH|UNUSUAL_CATEGORY,0.3646,0.35,0.015
e91ba853-26b,user_0078,0.0384,LOW,APPROVE,,0.064,0,0.018
25258e46-6f7,user_0018,0.0437,LOW,APPROVE,,0.0729,0,0.013
2ba49fb4-198,user_0124,0.0398,LOW,APPROVE,,0.0664,0,0.016
48da2426-725,user_0163,0.0384,LOW,APPROVE,,0.064,0,0.011
41ef97ac-7a4,user_0033,0.1448,LOW,APPROVE,UNUSUAL_CATEGORY,0.1746,0.1,0.019
a0796b0f-796,user_0038,0.1349,LOW,APPROVE,UNUSUAL_CATEGORY,0.1582,0.1,0.013
3f8383ce-460,user_0149,0.0384,LOW,APPROVE,,0.064,0,0.015
365c7710-572,user_0023,0.0384,LOW,APPROVE,,0.064,0,0.011
a72c7a1f-411,user_0182,0.0384,LOW,APPROVE,,0.064,0,0.01
5f581a8d-78a,user_0007,0.0394,LOW,APPROVE,,0.0657,0,0.011
5944e6a0-df8,user_0114,0.0384,LOW,APPROVE,,0.064,0,0.01
2c380b60-69f,user_0180,0.0384,LOW,APPROVE,,0.064,0,0.011
3e474cf5-cdd,user_0161,0.0384,LOW,APPROVE,,0.064,0,0.01
f2aa8487-967,user_0187,0.0384,LOW,APPROVE,,0.064,0,0.01
5d0d279a-a05,user_0156,0.0331,LOW,APPROVE,,0.0551,0,0.011
ae7f353b-8ce,user_0075,0.0384,LOW,APPROVE,,0.064,0,0.014
4424c3fa-f8a,user_0187,0.041,LOW,APPROVE,,0.0684,0,0.012
00c51de7-307,user_0161,0.0527,LOW,APPROVE,,0.0878,0,0.012
20112fc7-56e,user_0098,0.0284,LOW,APPROVE,,0.0473,0,0.011
d17c61fa-12b,user_0035,0.0384,LOW,APPROVE,,0.064,0,0.011
6437463b-dff,user_0100,0.0384,LOW,APPROVE,,0.064,0,0.01
38c9b456-8bb,user_0105,0.1414,LOW,APPROVE,UNUSUAL_CATEGORY,0.169,0.1,0.013
954d384d-f92,user_0074,0.3706,MEDIUM,REVIEW,COUNTRY_MISMATCH|UNUSUAL_CATEGORY,0.3843,0.35,0.016
347dfbe4-832,user_0064,0.0384,LOW,APPROVE,,0.064,0,0.027
3adfdd74-b73,user_0191,0.3517,MEDIUM,REVIEW,COUNTRY_MISMATCH|UNUSUAL_CATEGORY,0.3529,0.35,0.016
4fb398ee-3b5,user_0128,0.0384,LOW,APPROVE,,0.064,0,0.013
2e70c34a-e86,user_0117,0.0384,LOW,APPROVE,,0.064,0,0.017
09012b45-7c7,user_0199,0.1376,LOW,APPROVE,UNUSUAL_CATEGORY,0.1627,0.1,0.018
9a68a212-6ab,user_0116,0.0384,LOW,APPROVE,,0.064,0,0.015
4125499a-99a,user_0156,0.2775,LOW,APPROVE,COUNTRY_MISMATCH,0.2959,0.25,0.02
0108687b-081,user_0141,0.0384,LOW,APPROVE,,0.064,0,0.016
4c225a3c-16d,user_0015,0.0466,LOW,APPROVE,,0.0777,0,0.018
890620bf-3bc,user_0195,0.0384,LOW,APPROVE,,0.064,0,0.015
777b6fbc-81e,user_0085,0.0384,LOW,APPROVE,,0.064,0,0.011
cf01a5bf-a32,user_0174,0.0384,LOW,APPROVE,,0.064,0,0.011
8d59dc81-da4,user_0156,0.0519,LOW,APPROVE,,0.0865,0,0.022
3d5d19ba-541,user_0180,0.2672,LOW,APPROVE,COUNTRY_MISMATCH,0.2787,0.25,0.024
0cf45734-d2d,user_0077,0.0384,LOW,APPROVE,,0.064,0,0.026
41eb6b06-d8a,user_0096,0.0384,LOW,APPROVE,,0.064,0,0.015
a0998d83-a1e,user_0162,0.0384,LOW,APPROVE,,0.064,0,0.011
dfe875a0-237,user_0177,0.0384,LOW,APPROVE,,0.064,0,0.01
e6f38685-899,user_0055,0.1356,LOW,APPROVE,UNUSUAL_CATEGORY,0.1594,0.1,0.014
cd6e2cce-8ea,user_0198,0.1316,LOW,APPROVE,UNUSUAL_CATEGORY,0.1526,0.1,0.011
c16c2672-ac4,user_0099,0.0546,LOW,APPROVE,,0.091,0,0.036
a0164e0e-3f1,user_0088,0.0384,LOW,APPROVE,,0.064,0,0.014
cab519d7-aa0,user_0113,0.0384,LOW,APPROVE,,0.064,0,0.01
e5c98bfb-a33,user_0164,0.0384,LOW,APPROVE,,0.064,0,0.011
9a4157d7-695,user_0037,0.0384,LOW,APPROVE,,0.064,0,0.009
5187062a-0e3,user_0114,0.0371,LOW,APPROVE,,0.0618,0,0.012
f31a39b6-1f4,user_0158,0.1033,LOW,APPROVE,,0.1721,0,0.053
cc1f45a6-b2e,user_0050,0.0384,LOW,APPROVE,,0.064,0,0.012
1a7dde41-387,user_0033,0.1474,LOW,APPROVE,UNUSUAL_CATEGORY,0.179,0.1,0.013
e7b14226-29f,user_0194,0.0384,LOW,APPROVE,,0.064,0,0.011
2e9b5a96-634,user_0198,0.1493,LOW,APPROVE,UNUSUAL_CATEGORY,0.1822,0.1,0.015
32053c10-88c,user_0197,0.0384,LOW,APPROVE,,0.064,0,0.011
2f037351-0e4,user_0119,0.0384,LOW,APPROVE,,0.064,0,0.011
117a1575-45c,user_0063,0.0341,LOW,APPROVE,,0.0569,0,0.011
2b9a49a5-269,user_0103,0.0419,LOW,APPROVE,,0.0699,0,0.014
685c0639-e3d,user_0048,0.2561,LOW,APPROVE,COUNTRY_MISMATCH,0.2602,0.25,0.016
b149d120-876,user_0004,0.0384,LOW,APPROVE,,0.064,0,0.011
6915da26-f68,user_0028,0.2541,LOW,APPROVE,COUNTRY_MISMATCH,0.2568,0.25,0.011
759d054c-46e,user_0045,0.0528,LOW,APPROVE,,0.088,0,0.011
f68ade1b-bfc,user_0082,0.0384,LOW,APPROVE,,0.064,0,0.014
5bd3c5cc-532,user_0171,0.0384,LOW,APPROVE,,0.064,0,0.013
388412f2-cee_ct0,user_0042,0.3419,MEDIUM,REVIEW,COUNTRY_MISMATCH|UNUSUAL_CATEGORY,0.3365,0.35,0.014
80070117-d4d,user_0019,0.0385,LOW,APPROVE,,0.0641,0,0.128
7ae5754d-c3d_ct1,user_0042,0.3686,MEDIUM,REVIEW,COUNTRY_MISMATCH|UNUSUAL_CATEGORY,0.381,0.35,0.031
eb114697-550_ct2,user_0042,0.2577,LOW,APPROVE,COUNTRY_MISMATCH,0.2628,0.25,0.023
32106724-8a7_ct3,user_0042,0.2673,LOW,APPROVE,COUNTRY_MISMATCH,0.2789,0.25,0.016
0e2da6b3-115_ct4,user_0042,0.2718,LOW,APPROVE,COUNTRY_MISMATCH,0.2864,0.25,0.013
d09a7ba7-c0b,user_0063,0.0317,LOW,APPROVE,,0.0529,0,0.018
ebdefd93-c8e_ct5,user_0042,0.3311,MEDIUM,REVIEW,COUNTRY_MISMATCH,0.3852,0.25,0.014
2945f5b0-d8b_ct6,user_0042,0.3195,MEDIUM,REVIEW,COUNTRY_MISMATCH,0.3659,0.25,0.026
3c4e4f9c-0bf,user_0102,0.0462,LOW,APPROVE,,0.077,0,0.032
8bb3b009-db2_ct7,user_0042,0.3264,MEDIUM,REVIEW,COUNTRY_MISMATCH,0.3773,0.25,0.018
db0ace8c-73f_ct8,user_0042,0.3156,MEDIUM,REVIEW,COUNTRY_MISMATCH,0.3594,0.25,0.015
a5dea24f-586_ct9,user_0042,0.4072,MEDIUM,REVIEW,VELOCITY_HIGH|COUNTRY_MISMATCH,0.3787,0.45,0.027
9f2fb33b-337,user_0044,0.0384,LOW,APPROVE,,0.064,0,0.036
9337e5f1-85b_ct10,user_0042,0.4244,MEDIUM,REVIEW,VELOCITY_HIGH|COUNTRY_MISMATCH,0.4074,0.45,0.023
c13ec857-40e_ct11,user_0042,0.4436,MEDIUM,REVIEW,VELOCITY_HIGH|COUNTRY_MISMATCH,0.4393,0.45,0.023
080b6a07-0ce_ct12,user_0042,0.462,MEDIUM,REVIEW,VELOCITY_HIGH|COUNTRY_MISMATCH,0.47,0.45,0.02
5e9e781c-47c,user_0091,0.1352,LOW,APPROVE,UNUSUAL_CATEGORY,0.1587,0.1,0.017
7bddf11c-a3c_ct13,user_0042,0.4579,MEDIUM,REVIEW,VELOCITY_HIGH|COUNTRY_MISMATCH,0.4631,0.45,0.014
c4c8f70e-90a_ct14,user_0042,0.481,MEDIUM,REVIEW,VELOCITY_HIGH|COUNTRY_MISMATCH,0.5016,0.45,0.015
a4b068a6-1be_ct15,user_0042,0.4706,MEDIUM,REVIEW,VELOCITY_HIGH|COUNTRY_MISMATCH,0.4844,0.45,0.014
f3f42ce2-823,user_0062,0.0384,LOW,APPROVE,,0.064,0,0.017
0a186209-3eb,user_0022,0.0334,LOW,APPROVE,,0.0557,0,0.015
e3537ff8-624,user_0093,0.0451,LOW,APPROVE,,0.0752,0,0.013
44ff77a7-3dd,user_0055,0.1594,LOW,APPROVE,UNUSUAL_CATEGORY,0.199,0.1,0.017
0169c304-0d4_ct_hit,user_0042,0.8714,CRITICAL,BLOCK,LARGE_AMOUNT|AMOUNT_SPIKE_5X|AMOUNT_SPIKE_10X|VELOCITY_HIGH|VELOCITY_EXTREME|COUNTRY_MISMATCH|UNUSUAL_CATEGORY|ONLINE_LARGE_AMOUNT,0.8857,0.85,0.019
508abc60-aa1,user_0115,0.0384,LOW,APPROVE,,0.064,0,0.019
ee161204-2c4,user_0120,0.1588,LOW,APPROVE,UNUSUAL_CATEGORY,0.198,0.1,0.014
77787a16-5c7,user_0070,0.0384,LOW,APPROVE,,0.064,0,0.013
b5f25c95-f1f,user_0064,0.0466,LOW,APPROVE,,0.0777,0,0.014
7fc12530-76a,user_0200,0.0384,LOW,APPROVE,,0.064,0,0.012
39d7be08-606,user_0047,0.0384,LOW,APPROVE,,0.064,0,0.012
40f8e20e-448,user_0169,0.0384,LOW,APPROVE,,0.064,0,0.015
c0483ab1-b81,user_0132,0.0384,LOW,APPROVE,,0.064,0,0.011
b82c9de8-418,user_0107,0.0384,LOW,APPROVE,,0.064,0,0.011
20e33880-872,user_0193,0.0384,LOW,APPROVE,,0.064,0,0.013
d07552b5-183,user_0021,0.2543,LOW,APPROVE,COUNTRY_MISMATCH,0.2572,0.25,0.02
a13671e2-6a2,user_0005,0.0318,LOW,APPROVE,,0.053,0,0.016
78dc5819-14e,user_0133,0.0384,LOW,APPROVE,,0.064,0,0.012
22f00196-f86,user_0138,0.0384,LOW,APPROVE,,0.064,0,0.01
efa5a051-632,user_0035,0.269,LOW,APPROVE,COUNTRY_MISMATCH,0.2817,0.25,0.015
06589b6b-5e6,user_0136,0.1527,LOW,APPROVE,UNUSUAL_CATEGORY,0.1879,0.1,0.013
bb94f7cb-6d6,user_0172,0.0384,LOW,APPROVE,,0.064,0,0.03
c6ca08c3-ac4,user_0193,0.0359,LOW,APPROVE,,0.0599,0,0.018
25640bf2-737,user_0146,0.0384,LOW,APPROVE,,0.064,0,0.012
02a967ad-00e,user_0172,0.2564,LOW,APPROVE,COUNTRY_MISMATCH,0.2607,0.25,0.012
0698c055-396,user_0033,0.1428,LOW,APPROVE,UNUSUAL_CATEGORY,0.1713,0.1,0.013
682d9418-014,user_0056,0.0336,LOW,APPROVE,,0.056,0,0.013
b376b72c-916,user_0099,0.4684,MEDIUM,REVIEW,COUNTRY_MISMATCH|UNUSUAL_CATEGORY,0.5473,0.35,0.014
8afdf7f9-bc9,user_0004,0.1497,LOW,APPROVE,UNUSUAL_CATEGORY,0.1828,0.1,0.019
917ae6a6-dda,user_0144,0.0384,LOW,APPROVE,,0.064,0,0.013
ac8d876d-1bf,user_0050,0.2601,LOW,APPROVE,COUNTRY_MISMATCH,0.2668,0.25,0.013
8463f9eb-c08,user_0027,0.2536,LOW,APPROVE,COUNTRY_MISMATCH,0.256,0.25,0.013
fbc16145-f2d,user_0190,0.0458,LOW,APPROVE,,0.0763,0,0.018
45561d1c-0f8,user_0151,0.0384,LOW,APPROVE,,0.064,0,0.013
e33377a1-9c2,user_0042,0.7088,HIGH,REVIEW,VELOCITY_HIGH|VELOCITY_EXTREME|HIGH_HOURLY_SPEND|COUNTRY_MISMATCH|UNUSUAL_CATEGORY,0.6147,0.85,0.034
ed76b3a9-e25,user_0123,0.0384,LOW,APPROVE,,0.064,0,0.056
b9825d61-af1,user_0046,0.0384,LOW,APPROVE,,0.064,0,0.016
d7be1146-618,user_0112,0.2843,LOW,APPROVE,COUNTRY_MISMATCH,0.3071,0.25,0.017
9627210f-b1a,user_0085,0.0383,LOW,APPROVE,,0.0638,0,0.015
be896198-3cb,user_0018,0.0267,LOW,APPROVE,,0.0445,0,0.011
a593ad02-3dd,user_0151,0.0547,LOW,APPROVE,,0.0912,0,0.017
d9d755f4-d42,user_0115,0.155,LOW,APPROVE,UNUSUAL_CATEGORY,0.1917,0.1,0.019
7bfbc137-f96,user_0090,0.0384,LOW,APPROVE,,0.064,0,0.013
396d5357-096,user_0174,0.1322,LOW,APPROVE,UNUSUAL_CATEGORY,0.1537,0.1,0.012
8dfc7bd1-f35,user_0114,0.0468,LOW,APPROVE,,0.078,0,0.012
77535666-c9f,user_0058,0.0414,LOW,APPROVE,,0.069,0,0.011
76cdec29-84d,user_0167,0.0384,LOW,APPROVE,,0.064,0,0.017
c982d239-a99,user_0163,0.0249,LOW,APPROVE,,0.0415,0,0.01
c0a26f39-c6c,user_0003,0.1479,LOW,APPROVE,UNUSUAL_CATEGORY,0.1799,0.1,0.012
073f81fe-ba7,user_0064,0.0348,LOW,APPROVE,,0.058,0,0.013
6dc88b40-c5a_ato,user_0099,0.7419,HIGH,REVIEW,AMOUNT_SPIKE_5X|AMOUNT_SPIKE_10X|COUNTRY_MISMATCH|UNUSUAL_CATEGORY|ONLINE_LARGE_AMOUNT,0.6699,0.85,0.018
a2b12e8b-74e,user_0008,0.0384,LOW,APPROVE,,0.064,0,0.019
04791e47-fd0,user_0191,0.1416,LOW,APPROVE,UNUSUAL_CATEGORY,0.1693,0.1,0.014
6c76a020-f27,user_0048,0.2741,LOW,APPROVE,COUNTRY_MISMATCH,0.2901,0.25,0.013
881471c1-5a9,user_0010,0.0384,LOW,APPROVE,,0.064,0,0.015
25d4f239-d8a,user_0052,0.0664,LOW,APPROVE,,0.1106,0,0.011
d4067aac-1bd,user_0042,0.5908,HIGH,REVIEW,VELOCITY_HIGH|VELOCITY_EXTREME|HIGH_HOURLY_SPEND|UNUSUAL_CATEGORY,0.418,0.85,0.03
50fec52f-f97,user_0189,0.1286,LOW,APPROVE,UNUSUAL_CATEGORY,0.1476,0.1,0.034
75ff7665-83e,user_0059,0.0384,LOW,APPROVE,,0.064,0,0.014
f935ba4c-7b1,user_0089,0.0384,LOW,APPROVE,,0.064,0,0.015
9e6b79c5-1e7,user_0025,0.1272,LOW,APPROVE,UNUSUAL_CATEGORY,0.1454,0.1,0.02
6ca1c86d-538,user_0082,0.1337,LOW,APPROVE,UNUSUAL_CATEGORY,0.1561,0.1,0.02
88c8f006-d86,user_0003,0.1369,LOW,APPROVE,UNUSUAL_CATEGORY,0.1615,0.1,0.013
5dc5cb7f-035,user_0197,0.1432,LOW,APPROVE,UNUSUAL_CATEGORY,0.172,0.1,0.016
7e2cde42-7dc,user_0196,0.0384,LOW,APPROVE,,0.064,0,0.013
8dc137be-3e7,user_0066,0.033,LOW,APPROVE,,0.055,0,0.01
ac3e70e7-43b,user_0025,0.0607,LOW,APPROVE,,0.1011,0,0.011
4a937bed-e89,user_0058,0.0353,LOW,APPROVE,,0.0588,0,0.011
e005b272-0ee,user_0084,0.0384,LOW,APPROVE,,0.064,0,0.012
5dfa65fd-718,user_0196,0.0395,LOW,APPROVE,,0.0658,0,0.012
37f22492-009,user_0150,0.3525,MEDIUM,REVIEW,COUNTRY_MISMATCH|UNUSUAL_CATEGORY,0.3542,0.35,0.012
2ea95693-0c3,user_0156,0.0621,LOW,APPROVE,,0.1035,0,0.017
d096ff64-463,user_0135,0.0384,LOW,APPROVE,,0.064,0,0.014
ddee8d3d-bb6,user_0155,0.0384,LOW,APPROVE,,0.064,0,0.012
7cd253cb-ff1,user_0001,0.2551,LOW,APPROVE,COUNTRY_MISMATCH,0.2585,0.25,0.016
b68513c4-7e1,user_0077,0.3483,MEDIUM,REVIEW,COUNTRY_MISMATCH|UNUSUAL_CATEGORY,0.3472,0.35,0.017
9b3da2f4-9fc,user_0034,0.0328,LOW,APPROVE,,0.0547,0,0.019
9d156ca1-4c1,user_0087,0.0384,LOW,APPROVE,,0.064,0,0.018
094972a5-716,user_0150,0.263,LOW,APPROVE,COUNTRY_MISMATCH,0.2717,0.25,0.015
4f880a34-b52,user_0115,0.1469,LOW,APPROVE,UNUSUAL_CATEGORY,0.1782,0.1,0.013
b2428d0b-fac,user_0071,0.0384,LOW,APPROVE,,0.064,0,0.013
425c31b5-712,user_0077,0.3617,MEDIUM,REVIEW,COUNTRY_MISMATCH|UNUSUAL_CATEGORY,0.3695,0.35,0.013
f289e34d-e4f,user_0001,0.0397,LOW,APPROVE,,0.0661,0,0.016
d2d89d0b-f82,user_0047,0.0511,LOW,APPROVE,,0.0851,0,0.013
b72a838f-6dd,user_0183,0.0384,LOW,APPROVE,,0.064,0,0.012
d6b4934d-8e1,user_0079,0.0379,LOW,APPROVE,,0.0632,0,0.012
1aa60cdd-668,user_0077,0.2661,LOW,APPROVE,COUNTRY_MISMATCH,0.2769,0.25,0.014
6a1db376-30e,user_0155,0.0337,LOW,APPROVE,,0.0561,0,0.02
7fcaa522-b5b,user_0149,0.0352,LOW,APPROVE,,0.0587,0,0.017
95307e06-13f,user_0113,0.0323,LOW,APPROVE,,0.0539,0,0.013
23d5a6a1-b47,user_0077,0.3917,MEDIUM,REVIEW,COUNTRY_MISMATCH|UNUSUAL_CATEGORY,0.4195,0.35,0.014
73123f7f-e5a,user_0032,0.0384,LOW,APPROVE,,0.064,0,0.02
d969ecb9-a69,user_0077,0.2762,LOW,APPROVE,COUNTRY_MISMATCH,0.2937,0.25,0.015
ba88f405-5ac,user_0150,0.2745,LOW,APPROVE,COUNTRY_MISMATCH,0.2909,0.25,0.014
1ad4a10a-282,user_0015,0.0329,LOW,APPROVE,,0.0549,0,0.015
87bf06e2-875,user_0149,0.1564,LOW,APPROVE,UNUSUAL_CATEGORY,0.194,0.1,0.013
f11607b2-734,user_0142,0.0384,LOW,APPROVE,,0.064,0,0.026
f5069548-fc3,user_0183,0.1452,LOW,APPROVE,UNUSUAL_CATEGORY,0.1754,0.1,0.017
b5cf3155-c30,user_0077,0.286,LOW,APPROVE,COUNTRY_MISMATCH,0.31,0.25,0.016
4a7f3bce-4e4,user_0094,0.0384,LOW,APPROVE,,0.064,0,0.012
751b0b0d-db9,user_0049,0.1348,LOW,APPROVE,UNUSUAL_CATEGORY,0.158,0.1,0.02
69fe3eb2-ad3,user_0147,0.0384,LOW,APPROVE,,0.064,0,0.011
5337fede-f3c,user_0091,0.1433,LOW,APPROVE,UNUSUAL_CATEGORY,0.1722,0.1,0.012
f67b32b8-2fd,user_0017,0.0384,LOW,APPROVE,,0.064,0,0.022
079e4e17-96f,user_0077,0.2972,LOW,APPROVE,COUNTRY_MISMATCH,0.3287,0.25,0.022
3fd3bd69-acd,user_0049,0.1433,LOW,APPROVE,UNUSUAL_CATEGORY,0.1722,0.1,0.016
056df56a-1a5_spike,user_0077,0.792,CRITICAL,BLOCK,LARGE_AMOUNT|AMOUNT_SPIKE_5X|AMOUNT_SPIKE_10X|COUNTRY_MISMATCH|UNUSUAL_CATEGORY|ONLINE_LARGE_AMOUNT,0.7533,0.85,0.019
d623aba1-ecc_vb0,user_0111,0.0384,LOW,APPROVE,,0.064,0,0.026
57d325e7-3f5_vb1,user_0111,0.0412,LOW,APPROVE,,0.0686,0,0.02
65254863-d6f_vb2,user_0111,0.0371,LOW,APPROVE,,0.0618,0,0.013
e4b62022-b2b_vb3,user_0111,0.0457,LOW,APPROVE,,0.0762,0,0.012
a1f66072-596_vb4,user_0111,0.0827,LOW,APPROVE,,0.1379,0,0.012
4c6e4dc6-ab3_vb5,user_0111,0.0818,LOW,APPROVE,,0.1364,0,0.012
ebe67489-ee0_vb6,user_0111,0.0834,LOW,APPROVE,,0.139,0,0.012
1a1294bf-e59_vb7,user_0111,0.0899,LOW,APPROVE,,0.1498,0,0.011
0ae21689-8db_vb8,user_0111,0.0983,LOW,APPROVE,,0.1638,0,0.012
d7bc5b16-ea4_vb9,user_0111,0.2034,LOW,APPROVE,VELOCITY_HIGH,0.2056,0.2,0.016
18f4617e-c32_vb10,user_0111,0.2066,LOW,APPROVE,VELOCITY_HIGH,0.211,0.2,0.012
ec389601-508_vb11,user_0111,0.2476,LOW,APPROVE,VELOCITY_HIGH,0.2793,0.2,0.012
e967657b-cec_vb12,user_0111,0.2197,LOW,APPROVE,VELOCITY_HIGH,0.2328,0.2,0.014
8d06c7eb-d3f_vb13,user_0111,0.2525,LOW,APPROVE,VELOCITY_HIGH,0.2875,0.2,0.012
193f0ef7-a42_vb14,user_0111,0.2653,LOW,APPROVE,VELOCITY_HIGH,0.3089,0.2,0.012
d60a20e7-719_vb15,user_0111,0.2572,LOW,APPROVE,VELOCITY_HIGH,0.2954,0.2,0.012
400ee310-ec5_vb16,user_0111,0.4078,MEDIUM,REVIEW,VELOCITY_HIGH|VELOCITY_EXTREME,0.2796,0.6,0.017
ab050e5e-c91_vb17,user_0111,0.4327,MEDIUM,REVIEW,VELOCITY_HIGH|VELOCITY_EXTREME,0.3211,0.6,0.02
04ea0fa4-7fb_vb18,user_0111,0.4225,MEDIUM,REVIEW,VELOCITY_HIGH|VELOCITY_EXTREME,0.3042,0.6,0.015
81be25bf-47e_vb19,user_0111,0.415,MEDIUM,REVIEW,VELOCITY_HIGH|VELOCITY_EXTREME,0.2916,0.6,0.016
2d12f797-55c_vb_hit,user_0111,0.7578,CRITICAL,BLOCK,LARGE_AMOUNT|AMOUNT_SPIKE_5X|AMOUNT_SPIKE_10X|VELOCITY_HIGH|VELOCITY_EXTREME|UNUSUAL_CATEGORY|ONLINE_LARGE_AMOUNT,0.6963,0.85,0.018
